sr_no,state,mp,constituency,allocated_amount
1.0,Maharashtra,AASHTIKAR PATIL NAGESH BAPURAO,HINGOLI,190289442.0
2.0,Jammu And Kashmir,ABDUL RASHID SHEIKH,BARAMULLAH,154773472.11
3.0,Bihar,ABHAY KUMAR SINHA,AURANGABAD_BR,147000000.0
4.0,West Bengal,ABHIJIT GANGOPADHYAY,TAMLUK,147000000.0
5.0,West Bengal,Abu Taher Khan,MURSHIDABAD,147000000.0
6.0,West Bengal,ADHIKARI SOUMENDU,KANTHI,147000000.0
7.0,Uttar Pradesh,ADITYA YADAV,BADAUN,147000000.0
8.0,Kerala,Adv Adoor Prakash,ATTINGAL,147000000.0
9.0,Kerala,Adv Dean Kuriakose,IDUKKI,147000000.0
10.0,Maharashtra,ADV GOWAAL KAGADA PADAVI,NANDURBAR(ST),147816309.11
11.0,Kerala,ADV K FRANCIS GEORGE,KOTTAYAM,188722256.11
12.0,Uttar Pradesh,AFZAL ANSARI,GHAZIPUR,220500000.0
13.0,Jammu And Kashmir,AGA SYED RUHULLAH MEHDI,SRINAGAR,147000000.0
14.0,Uttarakhand,Ajay Bhatt,NAINITAL UDHAM SINGH NAG.,147000000.0
15.0,Bihar,Ajay Kumar Mandal,BHAGALPUR,147000000.0
16.0,Uttarakhand,Ajay Tamta,ALMORA(SC),147000000.0
17.0,Uttar Pradesh,AJENDRA SINGH LODHI,HAMIRPUR_UP,147000000.0
18.0,Uttar Pradesh,AKHILESH YADAV,KANNAUJ,147000000.0
19.0,Uttar Pradesh,AKSHAYA YADAV,FIROZABAD,147000000.0
20.0,Manipur,ALFRED KANNGAM S ARTHUR,OUTER MANIPUR(ST),147000000.0
21.0,Bihar,Alok Kumar Suman,GOPALGANJ (SC),147000000.0
22.0,Madhya Pradesh,ALOK SHARMA,BHOPAL,147000000.0
23.0,Maharashtra,AMAR SHARADRAO KALE,WARDHA,147000000.0
24.0,Assam,AMARSING TISSO,Diphu (ST),147000000.0
25.0,Andhra Pradesh,AMBICA G LAKSHMINARAYANA VALMIKI,ANANTAPUR,201899064.11
26.0,Maharashtra,Amol Ramsing Kolhe,SHIRUR,147000000.0
27.0,Rajasthan,AMRARAM,SIKAR,165691544.11
28.0,Punjab,AMRINDER SINGH RAJA WARRING,LUDHIANA,147000000.0
29.0,Uttar Pradesh,ANAND BHADAURIYA,DHAURAHRA,147000000.0
30.0,Uttar Pradesh,ANAND KUMAR,BAHRAICH(SC),147000000.0
31.0,Odisha,ANANTA NAYAK,KEONJHAR(ST),147000000.0
32.0,Tamil Nadu,Andimuthu Raja,NILGIRIS(SC),147000000.0
33.0,Meghalaya,ANDREW J. SYNGKON,SHILLONG,98000000.0
34.0,Manipur,ANGOMCHA BIMOL AKOIJAM,INNER MANIPUR,147000000.0
35.0,Uttarakhand,ANIL BALUNI,GARHWAL,147000000.0
36.0,Maharashtra,ANIL YESHWANT DESAI,MUMBAI SOUTH CENTRAL,147000000.0
37.0,Madhya Pradesh,ANITA NAGARSINGH CHOUHAN,RATLAM(ST),147000000.0
38.0,Odisha,ANITA SUBHADARSHINI,ASKA,147000000.0
39.0,Jharkhand,Annpurna Devi,KODARMA,166665931.8
40.0,Uttar Pradesh,ANOOP PRADHAN BALMIKI,HATHRAS (SC),147000000.0
41.0,Kerala,Anto Antony,PATHANAMTHITTA,147000000.0
42.0,Maharashtra,ANUP SANJAY DHOTRE,AKOLA,147000000.0
43.0,Uttar Pradesh,Anurag Sharma,JHANSI,147000000.0
44.0,Himachal Pradesh,Anurag Singh Thakur,HAMIRPUR_HP,149570117.11
45.0,Andhra Pradesh,Appalanaidu Kalisetti,VIZIANAGARAM,147000000.0
46.0,Bihar,ARUN BHARTI,JAMUI(SC),194924621.11
47.0,Uttar Pradesh,ARUN GOVIL,MEERUT,147000000.0
48.0,Tamil Nadu,ARUN NEHRU,PERAMBALUR,147000000.0
49.0,Telangana,ARUNA. D. K,MAHABUBNAGAR,147000000.0
50.0,West Bengal,ARUP CHAKRABORTY,BANKURA,147000000.0
51.0,Telangana,Arvind Dharmapuri,NIZAMABAD,281396355.11
52.0,Maharashtra,Arvind Ganpat Sawant,MUMBAI SOUTH,147000000.0
53.0,Telangana,Asaduddin Owaisi,HYDERABAD,147000000.0
54.0,Madhya Pradesh,ASHISH DUBEY,JABALPUR,147000000.0
55.0,Uttar Pradesh,Ashok Kumar Rawat,MISRIKH(SC),147000000.0
56.0,Bihar,Ashok Kumar Yadav,MADHUBANI,147000000.0
57.0,West Bengal,Asit Kumar Mal,BOLPUR(SC),275694456.74
58.0,Uttar Pradesh,ATUL GARG,GHAZIABAD,155336470.0
59.0,Odisha,AVIMANYU SETHI,BHADRAK(SC),147000000.0
60.0,Uttar Pradesh,AWADHESH PRASAD,FAIZABAD,147000000.0
61.0,West Bengal,AZAD KIRTI JHA,BARDHAMAN-DURGAPUR,179658399.98
62.0,Andhra Pradesh,B K PARTHASARATHI,HINDUPUR,160491894.11
63.0,Uttar Pradesh,BABU SINGH KUSHWAHA,JAUNPUR,147000000.0
64.0,Maharashtra,BACHHAV SHOBHA DINESH,DHULE,147000000.0
65.0,West Bengal,BAG MITALI,ARAMBAG(SC),147000000.0
66.0,Odisha,BAIJAYANT PANDA,KENDRAPARA,147000000.0
67.0,Maharashtra,BAJRANG MANOHAR SONWANE,BEED,165899107.19
68.0,Odisha,BALABHADRA MAJHI,NABARANGPUR(ST),147413962.11
69.0,Andhra Pradesh,Balashowry Vallabbhaneni,MACHILIPATNAM,147000000.0
70.0,Telangana,BALRAM NAIK PORIKA,MAHABUBABAD,147000000.0
71.0,Maharashtra,BALWANT BASWANT WANKHADE,AMRAVATI(SC),198293678.0
72.0,Maharashtra,BALYA MAMA SURESH GOPINATH MHATRE,BHIWANDI,147000000.0
73.0,Delhi,Bansuri Swaraj,NEW DELHI,154306950.0
74.0,West Bengal,BAPI HALDAR,MATHURAPUR(SC),147000000.0
75.0,Karnataka,BASAVARAJ BOMMAI,HAVERI,147000000.0
76.0,Andhra Pradesh,BASTIPATI NAGARAJU PANCHALINGALA,KURNOOL,159998515.11
77.0,Rajasthan,Bhagirath Chaudhary,AJMER,147000000.0
78.0,Rajasthan,BHAJAN LAL JATAV,KARAULI-DHOLPUR(SC),147000000.0
79.0,Madhya Pradesh,BHARAT SINGH KUSHWAH,GWALIOR,151455276.04
80.0,Gujarat,BHARATBHAI MANUBHAI SUTARIYA,AMRELI,147000000.0
81.0,Gujarat,Bharatsinhji Shankarji Dabhi,PATAN,147000000.0
82.0,Madhya Pradesh,BHARTI PARDHI,BALAGHAT,154398389.01
83.0,Maharashtra,BHASKAR MURLIDHAR BHAGARE,DINDORI(ST),147000000.0
84.0,Maharashtra,BHAUSAHEB RAJARAM WAKCHAURE,SHIRDI(SC),147000000.0
85.0,Chhattisgarh,BHOJRAJ NAG,KANKER(ST),164672734.11
86.0,Uttar Pradesh,Bhola Singh,BULANDSHAHR(SC),147000000.0
87.0,Maharashtra,BHUMARE SANDIPANRAO ASARAM,AURANGABAD_MH,147000000.0
88.0,Andhra Pradesh,Bhupathiraju Srinivasa varma,NARASAPURAM,147000000.0
89.0,Rajasthan,BHUPENDER YADAV,ALWAR,147000000.0
90.0,Odisha,BIBHU PRASAD TARAI,JAGATSINGHPUR(SC),147000000.0
91.0,Jharkhand,Bidyut Baran Mahato,JAMSHEDPUR,147000000.0
92.0,Assam,BIJULI KALITA MEDHI,GUWAHATI,147000000.0
93.0,Tripura,BIPLAB KUMAR DEB,TRIPURA WEST,147000000.0
94.0,Andaman And Nicobar Islands,BISHNU PADA RAY,ANDAMAN AND NICOBAR ISLANDS,147000000.0
95.0,Rajasthan,BRIJENDRA SINGH OLA,JHUNJHUNU,147000000.0
96.0,Chhattisgarh,BRIJMOHAN AGRAWAL,RAIPUR,153766451.11
97.0,Madhya Pradesh,BUNTY VIVEK SAHU,CHHINDWARA,147000000.0
98.0,Gujarat,C R Patil,NAVSARI,158532494.36
99.0,Andhra Pradesh,C.M.RAMESH,ANAKAPALLE,202531656.11
100.0,Karnataka,CAPTAIN BRIJESH CHOWTA,DAKSHINA KANNADA,147000000.0
101.0,Goa,CAPTAIN VIRIATO FERNANDES,SOUTH GOA,147000000.0
102.0,Telangana,CHAMALA KIRAN KUMAR REDDY,BHONGIR,147000000.0
103.0,Uttar Pradesh,CHANDAN CHAUHAN,BIJNOR,147000000.0
104.0,Rajasthan,Chandra Prakash Joshi,CHITTORGARH,147000000.0
105.0,Uttar Pradesh,CHANDRA SHEKHAR,NAGINA(SC),147000000.0
106.0,Gujarat,CHANDUBHAI CHHAGANBHAI SHIHORA,SURENDRANAGAR,147000000.0
107.0,Punjab,CHARANJIT SINGH CHANNI,JALANDHAR(SC),147000000.0
108.0,Maharashtra,CHAVAN VASANTRAO BALWANTRAO,NANDED,
109.0,Uttar Pradesh,CHHATRA PAL SINGH GANGWAR,BAREILLY,147000000.0
110.0,Maharashtra,CHHATRAPATI SHAHU SHAHAJI,KOLHAPUR,147000000.0
111.0,Uttar Pradesh,CHHOTELAL,ROBERTSGANJ(SC),147000000.0
112.0,Chhattisgarh,CHINTAMANI MAHARAJ,SARGUJA(ST),147000000.0
113.0,Bihar,CHIRAG PASWAN,HAJIPUR(SC),147000000.0
114.0,Tamil Nadu,CN Annadurai,TIRUVANNAMALAI,148579509.11
115.0,Tamil Nadu,D M Kathir Anand,VELLORE,160196941.11
116.0,Tamil Nadu,D Ravikumar,VILUPPURAM(SC),197598306.11
117.0,Andhra Pradesh,Daggubati Purandeshwari,RAJAHMUNDRY,147000000.0
118.0,Andhra Pradesh,DAGGUMALLA PRASADA RAO,CHITTOOR,147000000.0
119.0,Rajasthan,DAMODAR AGARWAL,BHILWARA,147000000.0
120.0,Uttar Pradesh,DAROGA PRASAD SAROJ,LALGANJ (SC),147000000.0
121.0,Madhya Pradesh,DARSHAN SINGH CHOUDHARY,HOSHANGABAD,147000000.0
122.0,Haryana,DEEPENDER SINGH HOODA,ROHTAK,147000000.0
123.0,Uttar Pradesh,Devendra Alias Bhole Singh,AKBARPUR,147000000.0
124.0,Bihar,DEVESH CHANDRA THAKUR,SITAMARHI,163809205.11
125.0,Uttar Pradesh,DEVESH SHAKYA,ETAH,147000000.0
126.0,Gujarat,Devusinh Jesingbhai Chauhan,KHEDA,147000000.0
127.0,Maharashtra,Dhairyasheel Sambhajirao Mane,HATKANANGLE,147000000.0
128.0,Maharashtra,DHANORKAR PRATIBHA SURESH ALIAS BALUBHAU,CHANDRAPUR,147000000.0
129.0,Odisha,DHARMENDRA PRADHAN,SAMBALPUR,147000000.0
130.0,Uttar Pradesh,DHARMENDRA YADAV,AZAMGARH,147000000.0
131.0,Gujarat,DHAVAL LAXMANBHAI PATEL,VALSAD(ST),147000000.0
132.0,Bihar,Dileshwar Kamait,SUPAUL,150450930.89
133.0,Assam,Dilip Saikia,Darrang-Udalguri,147000000.0
134.0,Bihar,Dinesh Chandra Yadav,MADHEPURA,150070866.11
135.0,Gujarat,DINESHBHAI MAKWANA,AHMEDABAD WEST(SC),160434965.11
136.0,Andhra Pradesh,DR BYREDDY SHABARI,NANDYAL,150675889.11
137.0,Karnataka,DR C N MANJUNATH,BANGALORE RURAL,147000000.0
138.0,Andhra Pradesh,Dr Chandra Sekhar Pemmasani,GUNTUR,159774113.11
139.0,Punjab,DR DHARAMVIRA GANDHI,PATIALA,147000000.0
140.0,West Bengal,Dr Jayanta Kumar Roy,JALPAIGURI(SC),147000000.0
141.0,Maharashtra,DR KALGE SHIVAJI BANDAPPA,LATUR(SC),147000000.0
142.0,Bihar,Dr Mohammad Jawed,KISHANGANJ,148669229.11
143.0,Uttar Pradesh,DR RAJKUMAR SANGWAN,BAGHPAT,147000000.0
144.0,Tamil Nadu,DR RANI SRI KUMAR,TENKASI(SC),153060922.82
145.0,Kerala,Dr Shashi Tharoor,THIRUVANANTHAPURAM,147000000.0
146.0,West Bengal,Dr Sukanta Majumdar,BALURGHAT,157085364.9
147.0,Gujarat,DR. HEMANG JOSHI,VADODARA,147000000.0
148.0,Maharashtra,DR. HEMANT VISHNU SAVARA,PALGHAR(ST),147000000.0
149.0,Maharashtra,DR. KIRSAN NAMDEO,GADCHIROLI-CHIMUR(ST),147000000.0
150.0,Madhya Pradesh,DR. LATA WANKHEDE,SAGAR,147000000.0
151.0,Kerala,DR. M.P ABDUSSAMAD SAMADANI,PONNANI,170434031.11
152.0,Gujarat,DR. MANSUKH MANDAVIYA,PORBANDAR,147000000.0
153.0,Karnataka,DR. PRABHA MALLIKARJUN,DAVANAGERE,147000000.0
154.0,Odisha,DR. PRADEEP KUMAR PANIGRAHY,BERHAMPUR,147000000.0
155.0,Maharashtra,DR. PRASHANT YADAORAO PADOLE,BHANDARA-GONDIYA,159680283.39
156.0,Punjab,DR. RAJ KUMAR CHABBEWAL,HOSHIARPUR(SC),147000000.0
157.0,Madhya Pradesh,DR. RAJESH MISHRA,SIDHI,262724510.35
158.0,Uttar Pradesh,DR. S P SINGH,PRATAPGARH,147000000.0
159.0,West Bengal,DR. SHARMILA SARKAR,BARDHAMAN PURBA(SC),147000000.0
160.0,Karnataka,DR.K.SUDHAKAR,CHIKBALLAPUR,147000000.0
161.0,Telangana,DR.MALLU RAVI,NAGARKURNOOL(SC),147000000.0
162.0,Jharkhand,DULU MAHATO,DHANBAD,147000000.0
163.0,Tamil Nadu,DURAI VAIKO,TIRUCHIRAPPALLI,147000000.0
164.0,Madhya Pradesh,Durga Das Uikey,BETUL(ST),151569502.91
165.0,Rajasthan,Dushyant Singh,JHALAWAR-BARAN,147000000.0
166.0,Karnataka,E. TUKARAM,BELLARY(ST),147000000.0
167.0,Kerala,E.T. MOHAMMED BASHEER,MALAPPURAM,163895872.11
168.0,Telangana,EATALA RAJENDER,MALKAJGIRI,327477390.86
169.0,Tamil Nadu,ESWARASAMY K,POLLACHI,162315106.11
170.0,Madhya Pradesh,Faggan Singh Kulaste,MANDLA(ST),151861648.41
171.0,Karnataka,G. KUMAR NAIK,RAICHUR(ST),147000000.0
172.0,Maharashtra,GAIKWAD VARSHA EKNATH,MUMBAI NORTH-CENTRAL,147000000.0
173.0,Madhya Pradesh,Gajendra Singh Patel,KHARGONE(ST),147000000.0
174.0,Rajasthan,Gajendra Singh Shekhawat,JODHPUR,147000000.0
175.0,Tamil Nadu,GANAPATHY RAJKUMAR P,COIMBATORE,147370490.11
176.0,Tamil Nadu,Ganesan Selvam,KANCHEEPURAM(SC),186508749.11
177.0,Madhya Pradesh,Ganesh Singh,SATNA,147000000.0
178.0,Assam,GAURAV GOGOI,JORHAT,147000000.0
179.0,Gujarat,GENIBEN NAGAJI THAKOR,BANASKANTHA,147000000.0
180.0,Bihar,Giridhari Yadav,BANKA,147000000.0
181.0,Bihar,Giriraj Singh,BEGUSARAI,147000000.0
182.0,Andhra Pradesh,GM Harish Balayogi,AMALAPURAM(SC),147000000.0
183.0,Telangana,GODAM NAGESH,ADILABAD(ST),147000000.0
184.0,Tamil Nadu,GOPINATH K,KRISHNAGIRI,147000000.0
185.0,Karnataka,GOVIND MAKTHAPPA KARJOL,CHITRADURGA(SC),147000000.0
186.0,Andhra Pradesh,Gumma Thanuja Rani,ARAKU(ST),149458905.11
187.0,Punjab,GURMEET SINGH MEET HAYER,SANGRUR,147000000.0
188.0,Madhya Pradesh,Gyaneshwar Patil,KHANDWA,155690684.77
189.0,Karnataka,H.D. KUMARASWAMY,MANDYA,147000000.0
190.0,Uttar Pradesh,HARENDRA SINGH MALIK,MUZAFFARNAGAR,147000000.0
191.0,Gujarat,HARIBHAI PATEL,MAHESANA,147000000.0
192.0,Rajasthan,HARISH CHANDRA MEENA,TONK-SAWAI MADHOPUR,147000000.0
193.0,Delhi,Harsh Malhotra,EAST DELHI,147134131.0
194.0,Gujarat,Hasmukh Bhai Soma Bhai Patel,AHMEDABAD EAST,147000000.0
195.0,Uttar Pradesh,IMRAN MASOOD,SAHARANPUR,147000000.0
196.0,Sikkim,Indra Hang Subba,SIKKIM,152003923.11
197.0,Uttar Pradesh,IQRA CHOUDHARY,KAIRANA,147000000.0
198.0,West Bengal,ISHA KHAN CHOUDHURY,MALDAHA DAKSHIN,147000000.0
199.0,West Bengal,JAGADISH CHANDRA BARMA BASUNIA,COOCHBEHAR(SC),168604641.11
200.0,Karnataka,JAGADISH SHETTAR,BELGAUM,147000000.0
201.0,West Bengal,Jagannath Sarkar,RANAGHAT(SC),147000000.0
202.0,Uttar Pradesh,Jagdambika Pal,DOMARIYAGANJ,160643957.11
203.0,Haryana,JAI PARKASH,HISAR,147000000.0
204.0,Uttar Pradesh,Jai Prakash,HARDOI (SC),147000000.0
205.0,Madhya Pradesh,Janardan Mishra,REWA,147000000.0
206.0,Gujarat,JASHUBHAI BHILUBHAI RATHVA,CHHOTA UDAIPUR(ST),147000000.0
207.0,Gujarat,Jaswantsinh Sumanbhai Bhabhor,DAHOD(ST),147000000.0
208.0,Bihar,JITAN RAM MANJHI,GAYA (SC),147000000.0
209.0,Uttar Pradesh,JITENDRA KUMAR DOHARE,ETAWAH(SC),188747306.26
210.0,Jammu And Kashmir,Jitendra Singh,UDHAMPUR,147000000.0
211.0,Uttar Pradesh,JITIN PRASADA,PILIBHIT,147000000.0
212.0,Jharkhand,JOBA MAJHI,SINGHBHUM(ST),147000000.0
213.0,Assam,JOYANTA BASUMATARY,KOKRAJHAR (ST),147000000.0
214.0,West Bengal,JUNE MALIAH,MEDINIPUR,147000000.0
215.0,Madhya Pradesh,JYOTIRADITYA M. SCINDIA,GUNA,147000000.0
216.0,Chhattisgarh,Jyotsna Charandas Mahant,KORBA,155153738.11
217.0,Tamil Nadu,K E PRAKASH,ERODE,147000000.0
218.0,Kerala,K RADHAKRISHNAN,ALATHUR(SC),147000000.0
219.0,Tamil Nadu,K Subbarayan,TIRUPPUR,147000000.0
220.0,Kerala,K. C VENUGOPAL,ALAPPUZHA,147000000.0
221.0,Karnataka,K. RAJASHEKAR BASAVARAJ HITNAL,KOPPAL,147000000.0
222.0,Telangana,KADIYAM KAVYA,WARANGEL(SC),147000000.0
223.0,West Bengal,Kakoli Ghosh Dastidar,BARASAT,147000000.0
224.0,The Dadra And Nagar Haveli And Daman And Diu,Kalaben Mohanbhai Delkar,DADRA & NAGAR HAVELI (ST),147000000.0
225.0,Tamil Nadu,Kalanidhi Veeraswamy,CHENNAI NORTH,171500000.0
226.0,Jharkhand,KALI CHARAN MUNDA,KHUNTI(ST),147000000.0
227.0,Jharkhand,KALI CHARAN SINGH,CHATRA,147000000.0
228.0,West Bengal,KALIPADA SAREN,JHARGRAM(ST),147000000.0
229.0,West Bengal,Kalyan Banerjee,SREERAMPUR,147000000.0
230.0,Maharashtra,KALYAN VAIJINATHRAO KALE,JALNA,147000000.0
231.0,Assam,KAMAKHYA PRASAD TASA,Kaziranga,147000000.0
232.0,Delhi,Kamaljeet Sehrawat,WEST DELHI,147000000.0
233.0,Chhattisgarh,KAMLESH JANGDE,JANJGIR CHAMPA(SC),150384382.11
234.0,Uttar Pradesh,Kamlesh Paswan,BANSGAON(SC),147000000.0
235.0,Himachal Pradesh,Kangana Ranaut,MANDI,147000000.0
236.0,Tamil Nadu,Kani K Navas,RAMANATHAPURAM,147000000.0
237.0,Tamil Nadu,Kanimozhi Karunanidhi,THOOTHUKKUDI,147000000.0
238.0,Uttar Pradesh,KANWAR SINGH TANWAR,AMROHA,147000000.0
239.0,Uttar Pradesh,KARAN BHUSHAN SINGH,KAISERGANJ,147000000.0
240.0,West Bengal,KARTICK CHANDRA PAUL,RAIGANJ,202677986.56
241.0,Bihar,Kaushalendra Kumar,NALANDA,147000000.0
242.0,West Bengal,Khagen Murmu,MALDAHA UTTAR,147000000.0
243.0,West Bengal,Khalilur Rahaman,JANGIPUR,147000000.0
244.0,Andhra Pradesh,Kinjarapu Ram Mohan Naidu,SRIKAKULAM,171200630.11
245.0,Arunachal Pradesh,Kiren Rijiju,ARUNACHAL WEST,147000000.0
246.0,Uttar Pradesh,Kirti Vardhan Singh,GONDA,147000000.0
247.0,Telangana,Kishan Reddy Gangapuram,SECUNDERABAD,147000000.0
248.0,Uttar Pradesh,KISHORI LAL,AMETHI,171500000.0
249.0,Telangana,KONDA VISHWESHWAR REDDY,CHELVELLA,233721420.96
250.0,Karnataka,KOTA SRINIVAS POOJARY,UDUPI CHIKMAGALUR,147000000.0
251.0,Assam,Kripanath Mallah,KARIMGANJ (SC),147000000.0
252.0,Haryana,Krishan Pal Gurjar,FARIDABAD,147000000.0
253.0,Uttar Pradesh,KRISHNA DEVI SHIVSHANKER PATEL,BANDA,147000000.0
254.0,Andhra Pradesh,Krishna Prasad Tenneti,BAPATLA,167796849.11
255.0,Tripura,KRITI DEVI DEBBARMAN,TRIPURA EAST(ST),147000000.0
256.0,Rajasthan,KULDEEP INDORA,GANGANAGAR(SC),147000000.0
257.0,Telangana,KUNDURU RAGHUVEER,NALGONDA,162952022.0
258.0,Uttar Pradesh,LALJI VERMA,AMBEDKAR NAGAR,147000000.0
259.0,Andhra Pradesh,Lavu Sri Krishna Devarayalu,NARASARAOPET,174009663.11
260.0,Uttar Pradesh,LAXMIKANT PAPPU NISHAD,SANT KABIR NAGAR,147000000.0
261.0,Bihar,LOVELY ANAND,SHEOHAR,147000000.0
262.0,Rajasthan,LUMBARAM,JALORE,147000000.0
263.0,Karnataka,M. MALLESH BABU,KOLAR(SC),147065957.11
264.0,Tamil Nadu,M.K. VISHNUPRASAD,CUDDALORE,147000000.0
265.0,Andhra Pradesh,Maddila Gurumoorthy,TIRUPATI(SC),180399007.0
266.0,Telangana,MADHAVANENI RAGHUNANDAN RAO,MEDAK,147000000.0
267.0,Andhra Pradesh,Magunta Sreenivasulu Reddy,ONGOLE,147000000.0
268.0,Madhya Pradesh,Mahendra Singh Solanky,DEWAS(SC),147000000.0
269.0,Chhattisgarh,MAHESH KASHYAP,BASTAR(ST),147000000.0
270.0,Uttar Pradesh,Mahesh Sharma,GAUTAM BUDDHA NAGAR,148816284.11
271.0,Rajasthan,MAHIMA KUMARI MEWAR,RAJSAMAND,183892143.0
272.0,Uttarakhand,Mala Rajya Laxmi Shah,TEHRI GARHWAL,147000000.0
273.0,West Bengal,Mala Roy,KOLKATA DAKSHIN,147000000.0
274.0,Tamil Nadu,MALAIYARASAN D,KALLAKURICHI,201599593.0
275.0,Odisha,MALVIKA DEVI,KALAHANDI,147000000.0
276.0,Punjab,MALVINDER SINGH KANG,ANANDPUR SAHIB,147000000.0
277.0,Tamil Nadu,MANI. A.,DHARAMAPURI,164515071.11
278.0,Tamil Nadu,Manickam Tagore B,VIRUDHUNAGAR,147000000.0
279.0,Jharkhand,MANISH JAISWAL,HAZARIBAGH,147000000.0
280.0,Chandigarh,MANISH TEWARI,CHANDIGARH,178351443.75
281.0,Rajasthan,MANJU SHARMA,JAIPUR,167082901.11
282.0,Rajasthan,MANNA LAL RAWAT,UDAIPUR(ST),147000000.0
283.0,Haryana,MANOHAR LAL,KARNAL,147000000.0
284.0,Bihar,MANOJ KUMAR,SASARAM(SC),147000000.0
285.0,West Bengal,MANOJ TIGGA,ALIPURDUARS(ST),147000000.0
286.0,Delhi,Manoj Tiwari,NORTH EAST DELHI,225843858.0
287.0,Gujarat,Mansukhbhai Dhanjibhai Vasava,BHARUCH,147000000.0
288.0,Jammu And Kashmir,MIAN ALTAF AHMAD,ANANTNAG,147000000.0
289.0,Andhra Pradesh,Midhun Reddy,RAJAMPET,178951477.11
290.0,Bihar,MISHA BHARTI,PATALIPUTRA,147000000.0
291.0,Gujarat,Mitesh Rameshbhai Bakabhai Patel,ANAND,147000000.0
292.0,Ladakh,Mohamed Haneefa,LADAKH,161114542.0
293.0,Uttar Pradesh,MOHIBBULLAH,RAMPUR,147000000.0
294.0,Maharashtra,MOHITE PATIL DHAIRYASHEEL RAJSINH,MADHA,195613601.7
295.0,Bihar,Mr Gopal Jee Thakur,DARBHANGA,147000000.0
296.0,West Bengal,Ms Mahua Moitra,KRISHNANAGAR,159865046.0
297.0,Lakshadweep,MUHAMMED HAMDULLAH SAYEED,LAKSHADWEEP(ST),153942460.41
298.0,Uttar Pradesh,Mukesh Rajput,FARRUKHABAD,147000000.0
299.0,Gujarat,MUKESHKUMAR CHANDRAKAANT DALAL,SURAT,147000000.0
300.0,Rajasthan,MURARI LAL MEENA,DAUSA(ST),147000000.0
301.0,Tamil Nadu,MURASOLI S,THANJAVUR,147000000.0
302.0,Maharashtra,MURLIDHAR MOHOL,PUNE,147000000.0
303.0,Odisha,NABA CHARAN MAJHI,MAYURBHANJ (ST),147563957.11
304.0,Jharkhand,NALIN SOREN,DUMKA(ST),147364097.11
305.0,Uttar Pradesh,NARAYAN DAS AHIRWAR,JALAUN(SC),147000000.0
306.0,Maharashtra,NARAYAN TATU RANE,RATNAGIRI-SINDHUDURG,147000000.0
307.0,Uttar Pradesh,NARESH CHANDRA UTTAM PATEL,FATEHPUR,147000000.0
308.0,Maharashtra,NARESH GANPAT MHASKE,THANE,147000000.0
309.0,Haryana,NAVEEN JINDAL,KURUKSHETRA,147000000.0
310.0,Uttar Pradesh,NEERAJ MAURYA,AONLA,147000000.0
311.0,Maharashtra,NILESH DNYANDEV LANKE,AHMEDNAGAR,147000000.0
312.0,Gujarat,NIMUBEN JAYANTIBHAI BAMBHANIYA,BHAVNAGAR,147000000.0
313.0,Jharkhand,Nishikant Dubey,GODDA,147000000.0
314.0,Maharashtra,Nitin Jairam Gadkari,NAGPUR,168195086.11
315.0,Bihar,Nityanand Rai,UJJARPUR,147000000.0
316.0,Rajasthan,Om Birla,KOTA,163906956.6
317.0,Maharashtra,Omprakash Bhupalsinh Alias Pawan Rajenimbalkar,OSMANABAD,184758519.11
318.0,Karnataka,P C Mohan,BANGALORE CENTRAL,159995711.11
319.0,Uttar Pradesh,Pankaj Chowdhary,MAHARAJGANJ_UP,147000000.0
320.0,Assam,PARIMAL SUKLABAIDYA,SILCHAR,148300157.11
321.0,Gujarat,PARSHOTTAMBHAI RUPALA,RAJKOT,147000000.0
322.0,West Bengal,PARTHA BHOWMICK,BARRACKPUR,147000000.0
323.0,Karnataka,Parvatagouda Chandanagouda Gaddigoudar,BAGALKOT,167541747.11
324.0,The Dadra And Nagar Haveli And Daman And Diu,PATEL UMESHBHAI BABUBHAI,DAMAN and DIU,245063957.0
325.0,West Bengal,PATHAN YUSUF,BAHARAMPUR,147000000.0
326.0,Assam,PHANI BHUSAN CHOUDHURY,BARPETA,147000000.0
327.0,Maharashtra,Piyush Vedprakash Goyal,MUMBAI NORTH,147000000.0
328.0,Andhra Pradesh,PRABHAKAR REDDY VEMIREDDY,NELLORE(SC),147000000.0
329.0,Gujarat,Prabhubhai Nagarbhai Vasava,BARDOLI(ST),147000000.0
330.0,Assam,Pradan Baruah,LAKHIMPUR,147000000.0
331.0,Bihar,Pradeep Kumar Singh,ARARIA,147000000.0
332.0,Odisha,PRADEEP PUROHIT,BARGARH,147000000.0
333.0,Assam,Pradyut Bordoloi,NOWGONG,98000000.0
334.0,Karnataka,Pralhad Venkatesh Joshi,DHARWAD,147000000.0
335.0,Maharashtra,PRANITI SUSHILKUMAR SHINDE,SOLAPUR(SC),147000000.0
336.0,West Bengal,Prasun Banerjee,HOWRAH,147000000.0
337.0,Odisha,Pratap Chandra Sarangi,BALASORE,147064254.11
338.0,Maharashtra,Prataprao Jadhav,BULDHANA,147000000.0
339.0,West Bengal,Pratima Mondal,JOYNAGAR(SC),147000000.0
340.0,Delhi,Praveen Khandelwal,CHANDINI CHOWK,147470276.0
341.0,Uttar Pradesh,PRAVEEN PATEL,PHULPUR,151559884.09
342.0,Uttar Pradesh,PRIYA SAROJ,MACHHLISHAHR(SC),147000000.0
343.0,Kerala,Priyanka Gandhi Vadra,WAYANAD,122500000.0
344.0,Karnataka,PRIYANKA SATISH JARKIHOLI,CHIKKODI,147000000.0
345.0,West Bengal,Prof Sougata Ray,DUM DUM,147000000.0
346.0,Uttar Pradesh,Prof SP Singh Baghel,AGRA(SC),147000000.0
347.0,Uttar Pradesh,PUSHPENDRA SAROJ,KAUSHAMBI(SC),147000000.0
348.0,Andhra Pradesh,Putta Mahesh Kumar,ELURU,147000000.0
349.0,Uttar Pradesh,R.K. CHAUDHARY,MOHANLALGANJ(SC),147000000.0
350.0,Odisha,RABINDRA NARAYAN BEHERA,JAJPUR(SC),147064617.11
351.0,West Bengal,RACHNA BANERJEE,HOOGHLY,147000000.0
352.0,Bihar,Radha Mohan Singh,PURVI CHAMPARAN,147000000.0
353.0,Karnataka,RADHAKRISHNA,GULBARGA(SC),147000000.0
354.0,Chhattisgarh,RADHE SHYAM RATHIYA,RAIGARH(ST),159706972.09
355.0,Uttar Pradesh,RAHUL GANDHI,RAE BARELI,147000000.0
356.0,Rajasthan,Rahul Kaswan,CHURU,147000000.0
357.0,Madhya Pradesh,RAHUL SINGH LODHI,DAMOH,163058785.37
358.0,Bihar,RAJ BHUSHAN CHOUDHARY,MUZAFFARPUR,147000000.0
359.0,Rajasthan,RAJ KUMAR ROAT,BANSWARA(ST),147000000.0
360.0,Bihar,RAJA RAM SINGH,KARAKAT,147000000.0
361.0,Maharashtra,RAJABHAU,NASHIK,152878682.11
362.0,Himachal Pradesh,RAJEEV BHARDWAJ,KANGRA,179388967.11
363.0,Uttar Pradesh,RAJEEV RAI,GHOSI,147000000.0
364.0,Bihar,RAJESH RANJAN ALIAS PAPPU YADAV,PURNEA,147000000.0
365.0,Bihar,RAJESH VERMA,KHAGARIA,147000000.0
366.0,Gujarat,Rajeshbhai Naranbhai Chudasama,JUNAGADH,147000000.0
367.0,Bihar,Rajiv Pratap Rudy,SARAN,147000000.0
368.0,Bihar,Rajiv Ranjan (Lalan) Singh,MUNGER,147000000.0
369.0,Uttar Pradesh,Rajkumar Chahar,FATEHPUR SIKRI,147000000.0
370.0,Uttar Pradesh,Rajnath Singh,LUCKNOW,154808797.11
371.0,Gujarat,RAJPALSINH MAHENDRASINH JADAV,PANCHMAHAL,147000000.0
372.0,West Bengal,Raju Bista,DARJEELING,147000000.0
373.0,Uttar Pradesh,RAKESH RATHOR,SITAPUR,147000000.0
374.0,Assam,RAKIBUL HUSSAIN,DHUBRI,147000000.0
375.0,Uttar Pradesh,RAM PRASAD CHAUDHARY,BASTI,204176957.11
376.0,Uttar Pradesh,Ram Shiromani,SHRAWASTI,151746878.11
377.0,Telangana,RAMASAHAYAM RAGHURAM REDDY,KHAMMAM,147000000.0
378.0,Uttar Pradesh,RAMASHANKAR RAJBHAR,SALEMPUR,160056927.07
379.0,Uttar Pradesh,RAMBHUAL NISHAD,SULTANPUR,151231957.11
380.0,Uttar Pradesh,RAMESH AWASTHI,KANPUR,147000000.0
381.0,Karnataka,Ramesh Chandappa Jigajinagi,BIJAPUR(SC),269500000.0
382.0,Bihar,Ramprit Mandal,JHANJHARPUR,147000000.0
383.0,Delhi,Ramvir Singh Bidhuri,SOUTH DELHI,147559100.0
384.0,Assam,RANJIT DUTTA,Sonitpur,147000000.0
385.0,Haryana,Rao Inderjit Singh,GURGAON,147000000.0
386.0,Rajasthan,Rao Rajendra Singh,JAIPUR RURAL,147000000.0
387.0,Bihar,Ravi Shankar Prasad,PATNA SAHIB,147000000.0
388.0,Maharashtra,RAVINDRA DATTARAM WAIKAR,MUMBAI NORTH WEST,147000000.0
389.0,Uttar Pradesh,Ravindra Shyamnarayan Alias Ravi Kishan Shukla,GORAKHPUR,147000000.0
390.0,Maharashtra,Ravindra Vasantrao Chavan,NANDED,147000000.0
391.0,Mizoram,RICHARD VANLALHMANGAIHA,MIZORAM (ST),147000000.0
392.0,Tamil Nadu,ROBERT BRUCE C,TIRUNELVELI,147475440.11
393.0,Madhya Pradesh,Rodmal Nagar,RAJGARH,147000000.0
394.0,Chhattisgarh,ROOP KUMARI CHOUDHARY,MAHASAMUND,153035414.0
395.0,Uttar Pradesh,RUCHI VIRA,MORADABAD,147000000.0
396.0,Odisha,RUDRA NARAYAN PANY,DHENKANAL,155013957.11
397.0,Nagaland,S SUPONGMEREN JAMIR,NAGALAND,147000000.0
398.0,Tamil Nadu,S Venkatesan,MADURAI,147000000.0
399.0,Tamil Nadu,S. Jagathrakshakan,ARAKKONAM,180589332.34
400.0,Tamil Nadu,SACHITHANANTHAM R,DINDIGUL,147000000.0
401.0,Karnataka,SAGAR ESHWAR KHANDRE,BIDAR,147000000.0
402.0,Meghalaya,SALENG A SANGMA,TURA,147000000.0
403.0,Odisha,SAMBIT PATRA,PURI,147000000.0
404.0,Uttar Pradesh,SANATAN PANDEY,BALLIA,180420041.4
405.0,Maharashtra,SANJAY DINA PATIL,MUMBAI NORTH EAST,147000000.0
406.0,Maharashtra,Sanjay Haribhau Jadhav,PARBHANI,147000000.0
407.0,Bihar,Sanjay Jaiswal,PASCHIM CHAMPARAN,147000000.0
408.0,Telangana,Sanjay Kumar Bandi,KARIMNAGAR,172775317.11
409.0,Jharkhand,Sanjay Seth,RANCHI,147064357.11
410.0,Maharashtra,Sanjay Uttamrao Deshmukh,YAVATMAL-WASHIM,185640423.0
411.0,Rajasthan,SANJNA JATAV,BHARATPUR(SC),147000000.0
412.0,Chhattisgarh,Santosh Pandey,RAJNANDGAON,147000000.0
413.0,Odisha,Saptagiri Sankar Ulaka,KORAPUT(ST),269500000.0
414.0,Punjab,SARABJEET SINGH KHALSA,FARIDKOT(SC),150850348.15
415.0,Tamil Nadu,Sasikanth Senthil,TIRUVALLUR(SC),171500000.0
416.0,Haryana,SATPAL BRAHAMCHARI,SONEPAT,147000000.0
417.0,West Bengal,Saumitra khan,BISHNUPUR(SC),147000000.0
418.0,Madhya Pradesh,SAVITRI THAKUR,DHAR(ST),147000000.0
419.0,West Bengal,SAYANI GHOSH,JADAVPUR,147000000.0
420.0,Haryana,SELJA,SIRSA(SC),147000000.0
421.0,Tamil Nadu,SELVAGANAPATHI T M,SALEM,147000000.0
422.0,Tamil Nadu,SELVARAJ V,NAGAPATTINAM(SC),147000000.0
423.0,Kerala,SHAFI PARAMBIL,VADAKARA,147000000.0
424.0,Bihar,SHAMBHAVI,SAMASTIPUR(SC),147000000.0
425.0,Madhya Pradesh,Shankar Lalwani,INDORE,147000000.0
426.0,Uttar Pradesh,SHASHANK MANI,DEORIA,147000000.0
427.0,West Bengal,Shatrughan Sinha,ASANSOL,147000000.0
428.0,Punjab,SHER SINGH GHUBAYA,FIROZPUR,147000000.0
429.0,Madhya Pradesh,SHIVMANGAL SINGH TOMAR,MORENA,147000000.0
430.0,Madhya Pradesh,SHIVRAJ SINGH CHOUHAN,VIDISHA,147000000.0
431.0,Karnataka,SHOBHA KARANDLAJE,BANGALORE NORTH,147000000.0
432.0,Gujarat,SHOBHANABEN MAHENDRASINH BARAIYA,SABARKANTHA,147000000.0
433.0,Karnataka,SHREYAS. M. PATEL,HASSAN,147000000.0
434.0,Haryana,Shri Dharambir Singh,BHIWANI MAHENDRAGARH,147000000.0
435.0,West Bengal,Shri Abhishek Banerjee,DIAMOND HARBOUR,147000000.0
436.0,Punjab,Shri Amar Singh,FATEHGARH SAHIB(SC),147000000.0
437.0,Gujarat,Shri Amit Shah,GANDHINAGAR,147000000.0
438.0,Madhya Pradesh,Shri Anil Firojiya,UJJAIN(SC),147000000.0
439.0,Rajasthan,Shri Arjun Ram Meghwal,BIKANER(SC),147000000.0
440.0,Uttar Pradesh,Shri Arun Kumar Sagar,SHAHJAHANPUR(SC),147000000.0
441.0,Karnataka,Shri B Y Raghavendra,SHIMOGA,147000000.0
442.0,Kerala,Shri Benny Behanan,CHALAKUDY,164674770.11
443.0,Odisha,Shri Bhartruhari Mahtab,CUTTACK,147000000.0
444.0,Jharkhand,Shri Chandra Prakash Choudhary,GIRIDIH,147000000.0
445.0,West Bengal,Shri Deepak (Dev) Adhikari,GHATAL,200747364.0
446.0,Punjab,Shri Gurjeet Singh Aujla,AMRITSAR,147000000.0
447.0,Rajasthan,Shri Hanuman Beniwal,NAGAUR,147000000.0
448.0,Kerala,Shri Hibi Eden,ERNAKULAM,162177260.11
449.0,Bihar,Shri Janardan Singh Sigriwal,MAHARAJGANJ_BR,147000000.0
450.0,Odisha,Shri Jual Oram,SUNDARGARH (ST),173096756.91
451.0,Jammu And Kashmir,Shri Jugal Kishore Sharma,JAMMU,147000000.0
452.0,West Bengal,Shri Jyotirmay Singh Mahato,PURULIA,147000000.0
453.0,Tamil Nadu,Shri Karti P Chidambaram,SIVAGANGA,159049284.11
454.0,Kerala,Shri Kumbakudi Sudhakaran,KANNUR,147000000.0
455.0,Karnataka,Shri LS Tejasvi Surya,BANGALORE SOUTH,147000000.0
456.0,Kerala,Shri M K Raghavan,KOZHIKODE,147000000.0
457.0,Uttar Pradesh,Shri Narendra Modi,VARANASI,162070276.11
458.0,Kerala,Shri NK Premachandran,KOLLAM,171477994.11
459.0,Rajasthan,Shri PP Chaudhary,PALI,147000000.0
460.0,Kerala,Shri Rajmohan Unnithan,KASARAGOD,156754633.11
461.0,Assam,Shri Sarbananda Sonowal (18LS),DIBRUGARH,147000000.0
462.0,Uttar Pradesh,Shri Satish Kumar Gautam,ALIGARH,147000000.0
463.0,West Bengal,Shri Shantanu Thakur,BANGAON(SC),147000000.0
464.0,Madhya Pradesh,Shri Sudheer Gupta,MANDSOUR,148988014.83
465.0,Kerala,Shri Suresh Kodikunnil,MAVELIKKARA(SC),172429519.11
466.0,Arunachal Pradesh,Shri Tapir Gao,ARUNACHAL EAST,147000000.0
467.0,Tamil Nadu,Shri vijayakumar Vasanth,KANNIYAKUMARI,171500000.0
468.0,Maharashtra,Shrikant Eknath Shinde,KALYAN,147000000.0
469.0,Maharashtra,SHRIMANT CHH UDAYANRAJE PRATAPSINHAMAHARAJ BHONSLE,SATARA,147000000.0
470.0,Goa,Shripad Yesso Naik,NORTH GOA,147000000.0
471.0,Maharashtra,Shrirang Appa Barne,MAVAL,147000000.0
472.0,Maharashtra,Shyamkumar,RAMTEK(SC),147000000.0
473.0,Andhra Pradesh,Sivanath Kesineni,VIJAYAWADA,147000000.0
474.0,West Bengal,SK NURUL ISLAM,BASIRHAT,49000000.0
475.0,Maharashtra,SMITA UDAY WAGH,JALGAON,148107373.11
476.0,Uttar Pradesh,Smt Anupriya Patel,MIRZAPUR,147000000.0
477.0,Odisha,Smt Aparajita Sarangi,BHUBANESWAR,147420861.41
478.0,Uttar Pradesh,Smt Dimple Yadav,MAINPURI,192042469.11
479.0,Punjab,Smt Harsimrat Kaur Badal,BHATINDA,159775982.39
480.0,Uttar Pradesh,Smt Hema Malini,MATHURA,147000000.0
481.0,Madhya Pradesh,Smt Himadri Singh,SHAHDOL (ST),150724861.11
482.0,Gujarat,Smt Poonamben Hematbhai Maadam,JAMNAGAR,147000000.0
483.0,Maharashtra,Smt Raksha Nikhil Khadse,RAVER,153112586.11
484.0,Tamil Nadu,Smt S Jothimani,KARUR,147000000.0
485.0,West Bengal,Smt Sajda Ahmed,ULUBERIA,147000000.0
486.0,Madhya Pradesh,Smt Sandhya Ray,BHIND(SC),147000000.0
487.0,Odisha,Smt Sangeeta Kumari Singh Deo,BOLANGIR,147000000.0
488.0,West Bengal,Smt Satabdi Roy (Banerjee),BIRBHUM,147000000.0
489.0,Maharashtra,Smt Supriya Sadanand Sule,BARAMATI,147000000.0
490.0,Bihar,Smt Veena Devi,VAISHALI,147000000.0
491.0,Andhra Pradesh,Sribharat MathuKumli,VISAKHAPATNAM,164841922.0
492.0,Bihar,SUDAMA PRASAD,ARRAH,147000000.0
493.0,Tamil Nadu,SUDHA R,MAYILADUTHURAI,147332315.11
494.0,Bihar,SUDHAKAR SINGH,BUXAR,185211956.54
495.0,West Bengal,Sudip Bandyopadhyay,KOLKATA UTTAR,147000000.0
496.0,Odisha,SUKANTA KUMAR PANIGRAHI,KANDHAMAL,190712424.11
497.0,Jharkhand,SUKHDEO BHAGAT,LOHARDAGA(ST),171821957.11
498.0,Punjab,SUKHJINDER SINGH RANDHAWA,GURDASPUR,147000000.0
499.0,Karnataka,SUNIL BOSE,CHAMARAJANAGAR(SC),147000000.0
500.0,Maharashtra,Sunil Dattatray Tatkare,RAIGAD,147000000.0
501.0,Bihar,Sunil Kumar,VALMIKI NAGAR,147000000.0
502.0,Bihar,SURENDRA PRASAD YADAV,JAHANABAD,155325714.0
503.0,Kerala,SURESH GOPI,THRISSUR,147000000.0
504.0,Himachal Pradesh,Suresh Kumar Kashyap,SHIMLA (SC),153563957.11
505.0,Telangana,SURESH KUMAR SHETKAR,ZAHIRABAD,147000000.0
506.0,Uttar Pradesh,Swami Sachchidanandhari Sakshi ji Maharaj,UNNAO,147000000.0
507.0,Tamil Nadu,T Sumathy (A) Thamizhachi Thangapandian,CHENNAI SOUTH,147000000.0
508.0,Andhra Pradesh,TANGELLA UDAY SRINIVAS,KAKINADA,199417886.76
509.0,Uttar Pradesh,TANUJ PUNIA,BARABANKI(SC),148198170.11
510.0,Bihar,TARIQ ANWAR,KATIHAR,147000000.0
511.0,Tamil Nadu,Thalikkottai Rajuthevar Baalu,SRIPERUMBUDUR,196905535.11
512.0,Tamil Nadu,THANGA TAMILSELVAN,THENI,147000000.0
513.0,Tamil Nadu,THARANIVENTHAN M S,ARANI,168337124.35
514.0,Tamil Nadu,Thiru Dayanidhi Maran,CHENNAI CENTRAL,147000000.0
515.0,Tamil Nadu,Thirumaa Valavan Thol,CHIDAMBARAM(SC),147000000.0
516.0,Chhattisgarh,TOKHAN SAHU,BILASPUR,147000000.0
517.0,Uttarakhand,TRIVENDRA SINGH RAWAT,HARDWAR,147000000.0
518.0,Uttar Pradesh,UJJWAL RAMAN SINGH,ALLAHABAD,147000000.0
519.0,Rajasthan,UMMEDA RAM BENIWAL,BARMER,147000000.0
520.0,Uttar Pradesh,UTKARSH VERMA MADHUR,KHERI,147000000.0
521.0,Tamil Nadu,V S Matheswaran,NAMAKKAL,162539930.11
522.0,Karnataka,V. SOMANNA,TUMKUR,147000000.0
523.0,Puducherry,Vaithilingam Ve,Puducherry,209368972.11
524.0,Telangana,VAMSI KRISHNA GADDAM,PEDDAPALLE,148451721.11
525.0,Haryana,VARUN CHAUDHRY,AMBALA (SC),255454264.0
526.0,Kerala,Vellalath Kochukrishnan Nair Sreekandan,PALAKKAD,167807990.11
527.0,Chhattisgarh,Vijay Baghel,DURG,147000000.0
528.0,Uttar Pradesh,Vijay Kumar Dubey,KUSHI NAGAR,148900000.0
529.0,Jharkhand,Vijay Kumar Hansdak,RAJMAHAL(ST),147223957.11
530.0,Bihar,VIJAYLAKSHMI DEVI,SIWAN,147000000.0
531.0,Gujarat,Vinod Chavda,KACHCHH(SC),147000000.0
532.0,Uttar Pradesh,VINOD KUMAR BIND,BHADOHI,147000000.0
533.0,Madhya Pradesh,Virendra Kumar,TIKAMGARH(SC),147000000.0
534.0,Uttar Pradesh,VIRENDRA SINGH,CHANDAULI,147000000.0
535.0,Maharashtra,VISHAL,SANGLI,147000000.0
536.0,Jharkhand,Vishnu Dayal Ram,PALAMU(SC),158176083.11
537.0,Madhya Pradesh,Vishnu Dutt Sharma,KHAJURAHO,147000000.0
538.0,Karnataka,VISHWESHWAR HEGDE KAGERI,UTTARA KANNADA,147000000.0
539.0,Bihar,VIVEK THAKUR,NAWADA,147000000.0
540.0,Andhra Pradesh,Y S Avinash Reddy,KADAPA,156430260.11
541.0,Karnataka,YADUVEER KRISHNADATTA CHAMARAJA WADIYAR,MYSORE,147000000.0
542.0,Delhi,Yogendra Chandoliya,NORTH WEST DELHI(SC),147876307.0
543.0,Uttar Pradesh,ZIA UR REHMAN,SAMBHAL,147000000.0
