sr_no,calamity_type,calamity_name,mp,date_of_consent,consent_amount
1.0,National Calamity,Flood 2025 in Punjab,Shri Gurjeet Singh Aujla,2025-12-07T00:00:00.000000,7067400.0
2.0,National Calamity,Flood 2025 in Punjab,GURMEET SINGH MEET HAYER,2025-11-03T00:00:00.000000,7500000.0
3.0,National Calamity,Flood 2025 in Punjab,Shri Jual Oram,2025-10-10T00:00:00.000000,10000000.0
4.0,National Calamity,Andhra Pradesh rainfall and consequent floods - 2024,Krishna Prasad Tenneti,2025-03-26T00:00:00.000000,1000000.0
5.0,National Calamity,Meppadi landslides 2024,SHAFI PARAMBIL,2025-03-02T00:00:00.000000,2500000.0
6.0,State Calamity,Vilangad Landslides 2024,SHAFI PARAMBIL,2025-03-01T00:00:00.000000,2500000.0
7.0,National Calamity,Meppadi landslides 2024,DR C N MANJUNATH,2025-02-17T00:00:00.000000,500000.0
8.0,National Calamity,Meppadi landslides 2024,Andimuthu Raja,2025-02-05T00:00:00.000000,2500000.0
9.0,State Calamity,Wayanad landslides 2024,Shri NK Premachandran,2024-12-07T00:00:00.000000,1000000.0
10.0,State Calamity,Vilangad Landslides 2024,Shri NK Premachandran,2024-12-07T00:00:00.000000,1000000.0
11.0,State Calamity,Wayanad landslides 2024,K RADHAKRISHNAN,2024-12-04T00:00:00.000000,2500000.0
12.0,State Calamity,Natural Calamity Affected Area,BIPLAB KUMAR DEB,2024-09-03T00:00:00.000000,2500000.0
